"Index","Success","DurationMs","Status","Error"
"1","True","2037","{""id"":""1"",""amount"":18881,""userId"":""synthetic-user"",""status"":""completed"",""createdAt"":""2025-11-27T23:48:20.330Z""}",
"2","True","1","{""id"":""2"",""amount"":4799,""userId"":""synthetic-user"",""status"":""completed"",""createdAt"":""2025-11-27T23:48:21.355Z""}",
"3","True","1","{""id"":""3"",""amount"":13830,""userId"":""synthetic-user"",""status"":""completed"",""createdAt"":""2025-11-27T23:48:22.359Z""}",
"4","True","1","{""id"":""4"",""amount"":207,""userId"":""synthetic-user"",""status"":""completed"",""createdAt"":""2025-11-27T23:48:23.364Z""}",
"5","True","1","{""id"":""5"",""amount"":8638,""userId"":""synthetic-user"",""status"":""completed"",""createdAt"":""2025-11-27T23:48:24.367Z""}",
"6","True","1","{""id"":""6"",""amount"":5351,""userId"":""synthetic-user"",""status"":""completed"",""createdAt"":""2025-11-27T23:48:25.370Z""}",
"7","True","1","{""id"":""7"",""amount"":4272,""userId"":""synthetic-user"",""status"":""completed"",""createdAt"":""2025-11-27T23:48:26.376Z""}",
"8","True","1","{""id"":""8"",""amount"":3396,""userId"":""synthetic-user"",""status"":""completed"",""createdAt"":""2025-11-27T23:48:27.382Z""}",
"9","True","2","{""id"":""9"",""amount"":13791,""userId"":""synthetic-user"",""status"":""completed"",""createdAt"":""2025-11-27T23:48:28.383Z""}",
"10","True","1","{""id"":""10"",""amount"":778,""userId"":""synthetic-user"",""status"":""completed"",""createdAt"":""2025-11-27T23:48:29.383Z""}",
"11","True","1","{""id"":""11"",""amount"":9362,""userId"":""synthetic-user"",""status"":""completed"",""createdAt"":""2025-11-27T23:48:30.383Z""}",
"12","True","1","{""id"":""12"",""amount"":12322,""userId"":""synthetic-user"",""status"":""completed"",""createdAt"":""2025-11-27T23:48:31.390Z""}",
"13","True","1","{""id"":""13"",""amount"":14456,""userId"":""synthetic-user"",""status"":""completed"",""createdAt"":""2025-11-27T23:48:32.392Z""}",
"14","True","1","{""id"":""14"",""amount"":387,""userId"":""synthetic-user"",""status"":""completed"",""createdAt"":""2025-11-27T23:48:33.396Z""}",
"15","True","1","{""id"":""15"",""amount"":6329,""userId"":""synthetic-user"",""status"":""completed"",""createdAt"":""2025-11-27T23:48:34.403Z""}",
"16","True","1","{""id"":""16"",""amount"":8839,""userId"":""synthetic-user"",""status"":""completed"",""createdAt"":""2025-11-27T23:48:35.409Z""}",
"17","True","1","{""id"":""17"",""amount"":1150,""userId"":""synthetic-user"",""status"":""completed"",""createdAt"":""2025-11-27T23:48:36.414Z""}",
"18","True","1","{""id"":""18"",""amount"":2697,""userId"":""synthetic-user"",""status"":""completed"",""createdAt"":""2025-11-27T23:48:37.414Z""}",
"19","True","1","{""id"":""19"",""amount"":483,""userId"":""synthetic-user"",""status"":""completed"",""createdAt"":""2025-11-27T23:48:38.420Z""}",
"20","True","1","{""id"":""20"",""amount"":19754,""userId"":""synthetic-user"",""status"":""completed"",""createdAt"":""2025-11-27T23:48:39.425Z""}",
"21","True","1","{""id"":""21"",""amount"":8732,""userId"":""synthetic-user"",""status"":""completed"",""createdAt"":""2025-11-27T23:48:40.430Z""}",
"22","True","1","{""id"":""22"",""amount"":17530,""userId"":""synthetic-user"",""status"":""completed"",""createdAt"":""2025-11-27T23:48:41.437Z""}",
"23","True","1","{""id"":""23"",""amount"":13845,""userId"":""synthetic-user"",""status"":""completed"",""createdAt"":""2025-11-27T23:48:42.447Z""}",
"24","True","1","{""id"":""24"",""amount"":18023,""userId"":""synthetic-user"",""status"":""completed"",""createdAt"":""2025-11-27T23:48:43.452Z""}",
"25","True","1","{""id"":""25"",""amount"":9012,""userId"":""synthetic-user"",""status"":""completed"",""createdAt"":""2025-11-27T23:48:44.461Z""}",
"26","True","1","{""id"":""26"",""amount"":7114,""userId"":""synthetic-user"",""status"":""completed"",""createdAt"":""2025-11-27T23:48:45.466Z""}",
"27","True","3","{""id"":""27"",""amount"":11009,""userId"":""synthetic-user"",""status"":""completed"",""createdAt"":""2025-11-27T23:48:46.471Z""}",
"28","True","1","{""id"":""28"",""amount"":4347,""userId"":""synthetic-user"",""status"":""completed"",""createdAt"":""2025-11-27T23:48:47.470Z""}",
"29","True","1","{""id"":""29"",""amount"":5844,""userId"":""synthetic-user"",""status"":""completed"",""createdAt"":""2025-11-27T23:48:48.487Z""}",
"30","True","1","{""id"":""30"",""amount"":5509,""userId"":""synthetic-user"",""status"":""completed"",""createdAt"":""2025-11-27T23:48:49.495Z""}",
"31","True","1","{""id"":""31"",""amount"":13860,""userId"":""synthetic-user"",""status"":""completed"",""createdAt"":""2025-11-27T23:48:50.500Z""}",
"32","True","1","{""id"":""32"",""amount"":12182,""userId"":""synthetic-user"",""status"":""completed"",""createdAt"":""2025-11-27T23:48:51.507Z""}",
"33","True","1","{""id"":""33"",""amount"":8931,""userId"":""synthetic-user"",""status"":""completed"",""createdAt"":""2025-11-27T23:48:52.512Z""}",
"34","True","1","{""id"":""34"",""amount"":7466,""userId"":""synthetic-user"",""status"":""completed"",""createdAt"":""2025-11-27T23:48:53.512Z""}",
"35","True","1","{""id"":""35"",""amount"":16200,""userId"":""synthetic-user"",""status"":""completed"",""createdAt"":""2025-11-27T23:48:54.513Z""}",
"36","True","1","{""id"":""36"",""amount"":305,""userId"":""synthetic-user"",""status"":""completed"",""createdAt"":""2025-11-27T23:48:55.519Z""}",
"37","True","1","{""id"":""37"",""amount"":16797,""userId"":""synthetic-user"",""status"":""completed"",""createdAt"":""2025-11-27T23:48:56.520Z""}",
"38","True","1","{""id"":""38"",""amount"":15382,""userId"":""synthetic-user"",""status"":""completed"",""createdAt"":""2025-11-27T23:48:57.526Z""}",
"39","True","1","{""id"":""39"",""amount"":7557,""userId"":""synthetic-user"",""status"":""completed"",""createdAt"":""2025-11-27T23:48:58.527Z""}",
"40","True","1","{""id"":""40"",""amount"":6668,""userId"":""synthetic-user"",""status"":""completed"",""createdAt"":""2025-11-27T23:48:59.531Z""}",
"41","True","1","{""id"":""41"",""amount"":13469,""userId"":""synthetic-user"",""status"":""completed"",""createdAt"":""2025-11-27T23:49:00.537Z""}",
"42","True","1","{""id"":""42"",""amount"":6433,""userId"":""synthetic-user"",""status"":""completed"",""createdAt"":""2025-11-27T23:49:01.538Z""}",
"43","True","1","{""id"":""43"",""amount"":7124,""userId"":""synthetic-user"",""status"":""completed"",""createdAt"":""2025-11-27T23:49:02.543Z""}",
"44","True","1","{""id"":""44"",""amount"":5911,""userId"":""synthetic-user"",""status"":""completed"",""createdAt"":""2025-11-27T23:49:03.549Z""}",
"45","True","1","{""id"":""45"",""amount"":3017,""userId"":""synthetic-user"",""status"":""completed"",""createdAt"":""2025-11-27T23:49:04.555Z""}",
"46","True","1","{""id"":""46"",""amount"":16524,""userId"":""synthetic-user"",""status"":""completed"",""createdAt"":""2025-11-27T23:49:05.560Z""}",
"47","True","1","{""id"":""47"",""amount"":8540,""userId"":""synthetic-user"",""status"":""completed"",""createdAt"":""2025-11-27T23:49:06.563Z""}",
"48","True","1","{""id"":""48"",""amount"":3355,""userId"":""synthetic-user"",""status"":""completed"",""createdAt"":""2025-11-27T23:49:07.564Z""}",
"49","True","1","{""id"":""49"",""amount"":17888,""userId"":""synthetic-user"",""status"":""completed"",""createdAt"":""2025-11-27T23:49:08.566Z""}",
"50","True","1","{""id"":""50"",""amount"":16223,""userId"":""synthetic-user"",""status"":""completed"",""createdAt"":""2025-11-27T23:49:09.566Z""}",
